{"cameraMode":{"drawMode":0,"name":"Shaded","section":"Shading Mode"},"sceneLighting":false,"audioPlay":false,"sceneViewState":{"showFog":true,"showMaterialUpdate":false,"showSkybox":true,"showFlares":true,"showImageEffects":true,"showParticleSystems":true},"in2DMode":false,"pivot":{"x":0.691815972328186,"y":-0.1468275934457779,"z":1.3165407180786133},"rotation":{"x":0.18165944516658784,"y":-0.5874838829040527,"z":0.1374373883008957,"w":0.7765136957168579},"size":2.23195219039917,"orthographic":true}