{"cameraMode":{"drawMode":0,"name":"Shaded","section":"Shading Mode"},"sceneLighting":true,"audioPlay":false,"sceneViewState":{"showFog":true,"showMaterialUpdate":false,"showSkybox":true,"showFlares":true,"showImageEffects":true,"showParticleSystems":true},"in2DMode":false,"pivot":{"x":-6.809712886810303,"y":2.516258478164673,"z":6.553873062133789},"rotation":{"x":-0.355022668838501,"y":-0.01682610809803009,"z":0.006391057278960943,"w":-0.9346844553947449},"size":4.5931596755981449,"orthographic":true}