{"cameraMode":{"drawMode":0,"name":"Shaded","section":"Shading Mode"},"sceneLighting":false,"audioPlay":false,"sceneViewState":{"showFog":true,"showMaterialUpdate":false,"showSkybox":true,"showFlares":true,"showImageEffects":true,"showParticleSystems":true},"in2DMode":false,"pivot":{"x":-0.03186073154211044,"y":0.48190754652023318,"z":1.0878252983093262},"rotation":{"x":0.20351648330688477,"y":-0.7106714248657227,"z":0.228282168507576,"w":0.6335728168487549},"size":22.0,"orthographic":true}